<?xml version="1.0" encoding="utf-8"?>
<SoundBanksInfo Platform="Mac" BasePlatform="Mac" SchemaVersion="11" SoundbankVersion="132">
	<RootPaths>
		<ProjectRoot>/Users/Mungus/Library/Application Support/Wwise2018/Bottles/wwise/dosdevices/y:/Desktop/Team-X-Masterpiece/Programming/Game Prototype/Game Prototype_WwiseProject/</ProjectRoot>
		<SourceFilesRoot>/Users/Mungus/Library/Application Support/Wwise2018/Bottles/wwise/dosdevices/y:/Desktop/Team-X-Masterpiece/Programming/Game Prototype/Game Prototype_WwiseProject/.cache/Mac/</SourceFilesRoot>
		<SoundBanksRoot>/Users/Mungus/Library/Application Support/Wwise2018/Bottles/wwise/dosdevices/y:/Desktop/Team-X-Masterpiece/Programming/Game Prototype/Game Prototype_WwiseProject/GeneratedSoundBanks/Mac/</SoundBanksRoot>
		<ExternalSourcesInputFile></ExternalSourcesInputFile>
		<ExternalSourcesOutputRoot>/Users/Mungus/Library/Application Support/Wwise2018/Bottles/wwise/dosdevices/y:/Desktop/Team-X-Masterpiece/Programming/Game Prototype/Game Prototype_WwiseProject/GeneratedSoundBanks/Mac</ExternalSourcesOutputRoot>
	</RootPaths>
	<DialogueEvents/>
	<StreamedFiles/>
	<MediaFilesNotInAnyBank/>
	<SoundBanks>
		<SoundBank Id="1355168291" Language="SFX">
			<ObjectPath>Init</ObjectPath>
			<ShortName>Init</ShortName>
			<Path>Init.bnk</Path>
		</SoundBank>
	</SoundBanks>
</SoundBanksInfo>
