﻿<?xml version="1.0" encoding="utf-8"?>
<WwiseSettings xmlns:xsi="http://www.w3.org/2001/XMLSchema-instance" xmlns:xsd="http://www.w3.org/2001/XMLSchema">
  <CopySoundBanksAsPreBuildStep>true</CopySoundBanksAsPreBuildStep>
  <CreatedPicker>true</CreatedPicker>
  <CreateWwiseGlobal>true</CreateWwiseGlobal>
  <CreateWwiseListener>true</CreateWwiseListener>
  <GenerateSoundBanksAsPreBuildStep>false</GenerateSoundBanksAsPreBuildStep>
  <ShowMissingRigidBodyWarning>true</ShowMissingRigidBodyWarning>
  <SoundbankPath>Audio/GeneratedSoundBanks</SoundbankPath>
  <WwiseInstallationPathMac>/Applications/Audiokinetic/Wwise 2018.1.1.6727/Wwise.app</WwiseInstallationPathMac>
  <WwiseInstallationPathWindows />
  <WwiseProjectPath>../Game Prototype_WwiseProject/Game Prototype_WwiseProject.wproj</WwiseProjectPath>
</WwiseSettings>