<?xml version="1.0" encoding="utf-8"?>
<SoundBanksInfo Platform="Windows" BasePlatform="Windows" SchemaVersion="11" SoundbankVersion="132">
	<RootPaths>
		<ProjectRoot>/Users/Mungus/Library/Application Support/Wwise2018/Bottles/wwise/dosdevices/y:/Desktop/Team-X-Masterpiece/Programming/Game Prototype/Game Prototype_WwiseProject/</ProjectRoot>
		<SourceFilesRoot>/Users/Mungus/Library/Application Support/Wwise2018/Bottles/wwise/dosdevices/y:/Desktop/Team-X-Masterpiece/Programming/Game Prototype/Game Prototype_WwiseProject/.cache/Windows/</SourceFilesRoot>
		<SoundBanksRoot>/Users/Mungus/Library/Application Support/Wwise2018/Bottles/wwise/dosdevices/y:/Desktop/Team-X-Masterpiece/Programming/Game Prototype/Game Prototype_WwiseProject/GeneratedSoundBanks/Windows/</SoundBanksRoot>
		<ExternalSourcesInputFile></ExternalSourcesInputFile>
		<ExternalSourcesOutputRoot>/Users/Mungus/Library/Application Support/Wwise2018/Bottles/wwise/dosdevices/y:/Desktop/Team-X-Masterpiece/Programming/Game Prototype/Game Prototype_WwiseProject/GeneratedSoundBanks/Windows</ExternalSourcesOutputRoot>
	</RootPaths>
	<DialogueEvents/>
	<StreamedFiles/>
	<MediaFilesNotInAnyBank/>
	<SoundBanks>
		<SoundBank Id="901570921" Language="SFX">
			<ObjectPath>\SoundBanks\TVeil_MSTR_SB_WorkUnit\TVeil_Menu_SB</ObjectPath>
			<ShortName>TVeil_Menu_SB</ShortName>
			<Path>TVeil_Menu_SB.bnk</Path>
		</SoundBank>
		<SoundBank Id="928849380" Language="SFX">
			<ObjectPath>\SoundBanks\TVeil_MSTR_SB_WorkUnit\TVeil_Lvl_SB</ObjectPath>
			<ShortName>TVeil_Lvl_SB</ShortName>
			<Path>TVeil_Lvl_SB.bnk</Path>
		</SoundBank>
		<SoundBank Id="1355168291" Language="SFX">
			<ObjectPath>Init</ObjectPath>
			<ShortName>Init</ShortName>
			<Path>Init.bnk</Path>
		</SoundBank>
		<SoundBank Id="4072029455" Language="SFX">
			<ObjectPath>\SoundBanks\TVeil_MSTR_SB_WorkUnit\New_SoundBank</ObjectPath>
			<ShortName>New_SoundBank</ShortName>
			<Path>New_SoundBank.bnk</Path>
		</SoundBank>
	</SoundBanks>
</SoundBanksInfo>
